{"message": "ERROR: Hidden Testcases server unreachable.", "score": {"sample": {"0": {"passed": true, "execution_time": 0.12087368965148926}, "1": {"passed": true, "execution_time": 0.12792634963989258}, "2": {"passed": true, "execution_time": 0.40732717514038086}, "3": {"passed": true, "execution_time": 0.43018150329589844}, "4": {"passed": true, "execution_time": 0.40427565574645996}, "5": {"passed": true, "execution_time": 0.44871997833251953}, "6": {"passed": true, "execution_time": 0.43622565269470215}, "7": {"passed": true, "execution_time": 0.4334735870361328}, "8": {"passed": true, "execution_time": 0.1619725227355957}, "9": {"passed": true, "execution_time": 0.38327503204345703}, "10": {"passed": true, "execution_time": 0.4069836139678955}, "11": {"passed": true, "execution_time": 2.718425750732422}, "12": {"passed": true, "execution_time": 0.41477513313293457}, "13": {"passed": true, "execution_time": 0.10190963745117188}, "14": {"passed": true, "execution_time": 0.4513397216796875}, "15": {"passed": true, "execution_time": 0.4193277359008789}, "16": {"passed": true, "execution_time": 0.1709911823272705}, "17": {"passed": true, "execution_time": 0.18548822402954102}, "18": {"passed": true, "execution_time": 0.20611095428466797}, "19": {"passed": true, "execution_time": 0.16989421844482422}, "20": {"passed": true, "execution_time": 0.2304086685180664}, "21": {"passed": true, "execution_time": 0.19814848899841309}, "22": {"passed": true, "execution_time": 0.1504511833190918}, "23": {"passed": true, "execution_time": 0.23171067237854004}, "24": {"passed": true, "execution_time": 0.11289691925048828}, "25": {"passed": true, "execution_time": 0.5455305576324463}, "26": {"passed": true, "execution_time": 0.43261289596557617}, "27": {"passed": true, "execution_time": 0.5966286659240723}, "28": {"passed": true, "execution_time": 1.0650525093078613}, "29": {"passed": true, "execution_time": 0.12827467918395996}}}, "check_style_score": "0/1", "user_id": "deepakbhimavarapu", "version": "1", "problem_id": "ads2_m16_a1_1"}