{"message": "ERROR: Hidden Testcases server unreachable.", "version": "1", "user_id": "ManasaMona", "score": {"sample": {"0": {"execution_time": 0.12018465995788574, "passed": true}, "1": {"execution_time": 0.09351468086242676, "passed": true}, "2": {"execution_time": 0.07352471351623535, "passed": true}, "3": {"execution_time": 0.15982985496520996, "passed": true}, "4": {"execution_time": 0.08211445808410645, "passed": true}, "5": {"execution_time": 0.0865018367767334, "passed": true}, "6": {"execution_time": 0.07890629768371582, "passed": true}, "7": {"execution_time": 0.07584452629089355, "passed": true}, "8": {"execution_time": 0.07899808883666992, "passed": true}, "9": {"execution_time": 0.07394838333129883, "passed": true}, "10": {"execution_time": 0.07915163040161133, "passed": true}, "11": {"execution_time": 0.07795453071594238, "passed": true}, "12": {"execution_time": 0.07814502716064453, "passed": true}, "13": {"execution_time": 0.0753934383392334, "passed": true}, "14": {"execution_time": 0.08853435516357422, "passed": true}, "15": {"execution_time": 0.07917976379394531, "passed": true}, "16": {"execution_time": 0.0812387466430664, "passed": true}, "17": {"execution_time": 0.12591075897216797, "passed": true}, "18": {"execution_time": 0.08646368980407715, "passed": true}, "19": {"execution_time": 0.12776803970336914, "passed": true}, "20": {"execution_time": 0.16447234153747559, "passed": true}, "21": {"execution_time": 0.08788800239562988, "passed": true}, "22": {"execution_time": 0.21138548851013184, "passed": true}, "23": {"execution_time": 0.21605229377746582, "passed": true}}}, "problem_id": "ads2_m2_a1_1", "check_style_score": "0/1"}