{"version": "1", "check_style_score": "0/1", "user_id": "ManasaMona", "message": "ERROR: Hidden Testcases server unreachable.", "problem_id": "ads2_m6_a1_1", "score": {"sample": {"0": {"passed": false, "execution_time": 0.16585397720336914}, "1": {"passed": false, "execution_time": 0.07045435905456543}, "2": {"passed": false, "execution_time": 0.0901193618774414}, "3": {"passed": false, "execution_time": 0.15726304054260254}, "4": {"passed": false, "execution_time": 0.1620006561279297}, "5": {"passed": false, "execution_time": 0.1596379280090332}, "6": {"passed": false, "execution_time": 0.09984993934631348}, "7": {"passed": false, "execution_time": 0.09160852432250977}, "8": {"passed": false, "execution_time": 0.15833139419555664}, "9": {"passed": false, "execution_time": 0.0970759391784668}, "10": {"passed": false, "execution_time": 0.1441516876220703}, "11": {"passed": false, "execution_time": 0.1625669002532959}}}}